Game,Score
007legends,0
0rbitalis,0
123kickitdropthatbeatlikeanuglybaby,0
10secondninja,90
10000000,90
100orangejuice,93
1000amps,75
12laboursofhercules,93
12laboursofherculesiithecretanbull,90
12laboursofherculesiiigirlpower,87
140,94
15days,0
16bittrader,0
1701adsunkendragon,0
18wheelsofsteelamericanlonghaul,75
1953natovswarsawpact,0
1quest,0
3starsofdestiny,70
3089futuristicactionrpg,77
3dminigolf,0
3dmark,93
3dmark11,85
3dmarkvantage,90
4elements,0
404sight,85
500yearsact1,0
60seconds,84
7daystodie,88
8bitboy,73
8bitmmo,0
9clues2theward,90
9cluesthesecretofserpentcreek,89
903m,83
99levelstohell,0
99spirits,74
abirdstory,84
agameofthronesgenesis,77
agoldenwake,75
anewbeginningfinalcut,74
astoryaboutmyuncle,92
avalleywithoutwind,0
avalleywithoutwind2,0
avirusnamedtom,72
awalkinthedark,79
atrain8,0
ares,71
aresextinctionagendaex,70
avaallianceofvaliantarms,0
acearenacyberevolution,0
acecombatassaulthorizonenhancededition,0
aiwarfleetcommand,0
aionfreetoplay,0
akibastripundeadundressed,85
apbreloaded,0
apox,94
ark,0
arksurvivalevolved,83
axyos,0
azmdscorepocalypse,75
aaaaaaarecklessdisregardforgravity,83
aaaaaaaaaaaaaaaaaaaaaaaaafortheawesome,81
abandonedchestnutlodgeasylum,80
abducted,0
aberoth,0
abscondingzatwor,0
absolutedrift,90
abyssodyssey,0
abyssthewraithsofeden,89
aceofspades,0
aceswildmanicbrawlingaction,77
achron,0
actofaggression,0
actiongameplayrecordingandstreaming,86
actualsunlight,74
adventurecapitalist,88
adventurechroniclesthesearchforlosttreasure,0
adventurepark,0
adventuretimeexplorethedungeonbecauseidontknow,0
adventurermanager,0
adventuresofbertramfiddleepisode1adreadlybusiness,86
adventuresofshuggy,89
aeoncommand,78
aerena,0
afterfallinsanitydirtyarenaedition,0
afterfallinsanityextendededition,0
afterlifeempire,0
aftermath,0
agarestgenerationsofwar,71
agarestzero,72
ageofchivalry,87
ageofconanriseofthegodslayer,0
ageofconanunchainedeuversion,0
ageofempiresiihdedition,0
ageofempiresiiicompletecollection,0
ageofempiresonline,0
ageofmythologyextendededition,93
ageofwonders,81
ageofwonders2,81
ageofwondersiii,81
ageofwondersshadowmagic,0
aggressioneuropeunderfire,0
agriculturalsimulator2011extendededition,0
agriculturalsimulator2013steamedition,0
aion,0
aioncollectorsedition,0
airbrawl,78
airconflictssecretwars,73
airconflictspacificcarriers,0
airbuccaneers,0
airmech,84
airlinetycoon2,0
airlinetycoondeluxe,83
airportmadnessworldedition,78
airportsimulator2014,0
akanethekunoichi,0
akaneirodemonhunters,94
akuatica,0
alanwake,90
alanwakesamericannightmare,71
albinolullabyepisode1,0
alchemymysteriespraguelegends,76
alexhunterlordofthemind,0
alganon,0
alicemadnessreturns,89
alienbreed2assault,76
alienbreed3descent,77
alienbreedimpact,78
alienisolation,92
alienrageunlimited,0
alienshooterrevisited,81
alienshootervengeance,0
alienswarm,93
alienscolonialmarines,0
aliensversuspredatorclassic2000,0
aliensvspredator,0
allisdust,0
allzombiesmustdie,0
aloneinthedark,77
alphakimoriepisodeone,76
alphaprime,0
alphaprotocol,0
alterworld,0
altitude,92
alwayssometimesmonsters,79
amazingadventuresaroundtheworld,0
amazingadventuresthelosttomb,0
amazingprincesssarah,0
amazingworld,0
americasarmy3,70
americasarmyprovinggrounds,78
americanconquest,0
americanconquestfightback,0
amnesiaamachineforpigs,0
amnesiamemories,92
amnesiathedarkdescent,0
amongripples,0
amongthesleep,88
amputea,0
anassassininorlandes,91
anachronox,75
analogueahatestory,94
anarchyarcade,0
ancientplanet,83
ancientspace,0
andyetitmoves,0
angelsfallfirst,81
angelsoffasariaversion20,0
angrybirdsspace,89
angryvideogamenerdadventures,89
angvik,88
annaextendededition,0
annasquest,88
anno1404,82
anno1404venice,90
anno2070,0
anno2205,0
annoonline,0
anodyne,86
anomaly2,78
anomalykorea,71
anomalywarzoneearth,85
anomalywarzoneearthmobilecampaign,78
anotherperspective,93
anotherworld,84
anoxemia,0
antichamber,95
antisquad,0
aperturetagthepaintguntestinginitiative,83
apollo4x,0
apotheon,90
apotheonarena,82
aquakittymilkminedefender,87
aquanox,0
aquaria,90
arcadia,74
arcaneworlds,0
arcania,0
archeage,0
archeblade,73
archonclassic,91
arcticcombat,0
arma2,91
arma2britisharmedforces,74
arma2dayzmod,83
arma2free,0
arma2operationarrowhead,0
arma2operationarrowheadbetaobsolete,0
arma2privatemilitarycompany,77
arma3,91
armacoldwarassault,85
armacombatoperations,91
armatactics,0
armada2526,0
armello,82
armikrog,0
armsdealer,0
artragestudiopro,0
artemisspaceshipbridgesimulator,88
arxfatalis,0
ascendhandofkul,0
ascendant,0
ashesofthesingularity,0
assassinscreed,82
assassinscreedbrotherhood,0
assassinscreedfreedomcry,76
assassinscreedii,74
assassinscreediii,74
assassinscreedivblackflag,73
assassinscreedrevelations,84
assassinscreedrogue,85
assassinscreedsyndicate,80
assassinscreedchronicleschina,73
assassinscreedunity,77
assaultandroidcactus,94
assettocorsa,92
astebreed,0
asteria,0
asteroidsoutpost,0
astrolords,0
atlanticaonline,0
atomzombiesmasher,84
audiosurf,95
audiosurf2,82
auditiononline,0
auditorium,82
aurafateoftheages,0
aurakingdom,94
autobahnpolicesimulator,0
autocraft,0
automationthecarcompanytycoongame,92
avadon2thecorruption,80
avadontheblackfortress,81
avernum4,84
avernum5,87
avernum6,90
avernumescapefromthepit,0
aveyond31lordoftwilight,77
aveyond32gatesofnight,87
awesomenauts,84
axiomverge,91
axisgamefactorysagfpro30,0
azurestrikergunvolt,85
button,79
badend,83
beep,84
bittripbeat,0
bittripcore,0
bittripfate,0
bittrippresentsrunner2futurelegendofrhythmalien,93
bittriprunner,98
bittripvoid,78
blockade3d,0
brainpipeaplungetounhumanity,0
brink,0
babelrising,0
backtobed,78
backtodinosaurisland,0
backtothefutureep1itsabouttime,89
backtothefutureep2gettannen,89
backtothefutureep3citizenbrown,88
backtothefutureep4doublevisions,91
backtothefutureep5outatime,91
badhotel,0
badrats,0
baldursgateenhancededition,92
baldursgateiienhancededition,91
balladofsolar,86
ballpointuniverseinfinite,0
banished,90
bardsgold,81
bardbarian,90
basement,0
bastion,95
batla,0
batmanarkhamasylum,0
batmanarkhamasylumgotyedition,80
batmanarkhamcity,98
batmanarkhamcitygoty,95
batmanarkhamknight,91
batmanarkhamorigins,89
batmanarkhamoriginsblackgatedeluxeedition,0
battleacademy,84
battleacademy2easternfront,93
battlebattalions,0
battlebrothers,88
battlegroup2,83
battleislands,75
battlelosangeles,0
battlenations,0
battleforgraxia,0
battleofempires19141918,0
battlevschess,0
battleblocktheater,97
battlespace,0
battlefield2,0
battlefieldbadcompany2,0
battlegroundsofeldhelm,0
battlepaths,75
battleplanamericancivilwar,0
battlestationsmidway,78
battlestationspacific,0
beamngdrive,97
beastboxingturbo,89
beastsofprey,0
beathazard,90
beatbuddytaleoftheguardians,84
bedlam,0
beforetheecho,88
bejeweled2deluxe,89
bejeweled3,0
bejeweleddeluxe,89
bentheredanthat,0
bermuda,90
besiege,95
betrayer,0
betterlatethandead,0
bewareplanetearth,78
beyonddivinity,0
beyondeyes,0
beyondgoodevil,85
beyondspace,0
bienttlt,0
bigbrainwolf,91
bigmoneydeluxe,0
bigpharma,78
binarydomain,86
bioshock,0
bioshock2,88
bioshockinfinite,93
bioniccommando,0
bioniccommandorearmed,0
bionicdues,83
blackfire,0
blackice,94
blackink,82
blackmesa,95
blackmirror,0
blacksails,0
blackvipersophiasfate,0
blackguards,0
blackguards2,0
blacklightretribution,0
blacklighttangodown,0
blackwellconvergence,0
bladesymphony,0
bladesoftime,82
blastershootergunguy,0
blazbluecalamitytrigger,86
blazbluecontinuumshiftextend,91
blazerush,88
blazingangels2secretmissionsofwwii,0
blazingangelssquadronsofwwii,0
bleed,92
blender276b,0
blitzkrieg2anthology,84
blitzkrieganthology,90
blobfromspace,0
blocknload,78
blockstory,83
blockland,70
blocksthatmatter,80
blockscape,0
blockstorm,80
bloodbowl2,78
bloodbowlchaosedition,79
bloodbowldarkelvesedition,0
bloodbowllegendaryedition,0
bloodknights,0
bloodomen2legacyofkain,0
bloodoneunitwholeblood,91
bloodofold,0
bloodofthewerewolf,0
bloodlustshadowhunter,79
bloodrayne,0
bloodrayne2,0
bloodraynebetrayal,0
bloodrealmbattlegrounds,0
bloodbathkavkaz,0
bloodlinechampions,85
bloodwoodreload,0
bloodygoodtime,0
bloodytrapland,82
bloonstd5,94
bluerose,0
blur,76
bobcameinpieces,0
bobwashungry,87
boid,79
boobunnyplague,77
bookwormadventuresvolume2,78
bookwormdeluxe,82
bookwormadventuresdeluxe,100
boostertrooper,0
borderlands,0
borderlands2,95
borderlands2ru,0
borderlandsthepresequel,83
borderlessgaming,84
borealis,0
boringmanonlinetacticalstickmancombat,88
bosonx,93
botanicula,96
boundbyflame,0
braid,100
brawlhalla,82
breach,0
breachclear,82
breakintozatwor,0
breathofdeathvii,83
breezeblox,96
brickforce,0
bridgeconstructor,78
bridgeconstructormedieval,81
bridgeitplus,0
bridgeproject,0
brilliantbob,75
broforce,97
brokenage,82
brokensword1shadowofthetemplarsdirectorscut,0
brokensword2thesmokingmirrorremastered,0
brokensword3thesleepingdragon,0
brokensword4theangelofdeath,0
brokensword5theserpentscurse,89
brothersataleoftwosons,94
brothersinarmshellshighway,0
brothersinarmsroadtohill30,87
brtallegend,94
buccaneerthepursuitofinfamy,0
buildalot,92
buildalot2,81
buildalot4,81
bulletheaven2,98
bulletstorm,0
bullyscholarshipedition,84
bunchofheroes,0
burgers,0
burnzombieburn,0
burnoutparadisetheultimatebox,0
burstfire,0
busdriver,82
bussimulator2012,0
buzzaldrinsspaceprogrammanager,75
c9,71
cafe0thedrownedmermaid,70
cidthedummy,0
cryengine,71
cryptark,83
cabelasafricanadventures,0
cabelasbiggamehunterprohunts,88
cabelasdangeroushunts2013,0
cabelashuntingexpeditions,0
cabelastrophybucks,87
caesaria,0
callofcthulhudarkcornersoftheearth,0
callofduty,0
callofduty2,0
callofduty4modernwarfare,0
callofdutyadvancedwarfare,0
callofdutyadvancedwarfaremultiplayer,0
callofdutyblackops,0
callofdutyblackopsmultiplayer,86
callofdutyblackopsmultiplayerosx,0
callofdutyblackopsosx,0
callofdutyblackopsii,86
callofdutyblackopsiimultiplayer,86
callofdutyblackopsiizombies,0
callofdutyblackopsiii,87
callofdutyghosts,0
callofdutyghostsmultiplayer,0
callofdutymodernwarfare2,0
callofdutymodernwarfare2multiplayer,0
callofdutymodernwarfare3,0
callofdutymodernwarfare3multiplayer,0
callofdutyunitedoffensive,0
callofdutyworldatwar,92
callofjuarez,100
callofjuarezboundinblood,0
callofjuarezgunslinger,95
callofjuarezthecartel,0
calloftomsk7,82
calltoarms,80
cameraobscura,71
camerabag2,0
cannonbrawl,92
cannonslasersrockets,0
canyoncapers,0
capsized,82
captainforeverremix,80
carmechanicsimulator2014,82
carmechanicsimulator2015,92
cardcitynights,89
cardhunter,85
cardsandcastles,73
cargocommander,82
cargothequestforgravity,0
caribbean,0
carmageddon2carpocalypsenow,87
carmageddonmaxpack,85
carmageddonreincarnation,0
carnageracing,0
carpediem,89
carriercommandgaeamission,0
castofthesevengodsends,0
castawayparadise,0
caster,79
castle,70
castlecrashers,96
castleinthedarkness,76
castleneverjudgeabookbyitscover,0
castlestory,0
castleofillusion,90
castleminerz,82
castlestorm,89
castlevanialordsofshadowmirroroffatehd,84
castlevanialordsofshadowultimateedition,80
castlevanialordsofshadow2,84
catgoesfishing,94
catmouthisland,0
cavestory,92
chains,0
chainsawwarrior,91
chainsawwarriorlordsofthenight,0
championsonline,71
championshipmanager2008,83
championshipmanager2010,84
chantelise,0
chaosdomain,0
chaosheroesonline,0
chaosondeponia,90
chaser,0
cherrytreehighcomedyclub,84
cherrytreehighimygirls,74
chessmaster,0
childoflight,91
childrenofthenile,83
childrenofthenilealexandria,82
chime,0
chip,77
chipschallenge2,87
chivalrymedievalwarfare,83
chocolatierdecadencebydesign,0
choicechamber,89
choiceofrobots,96
choiceofthedeathless,91
chrissawyerslocomotion,86
chromasquad,95
chrome,0
chromespecforce,0
chroniclesofadarklordepisode1tidesoffatecomplete,0
chuzzledeluxe,0
cinders,88
circuits,89
citadels,0
citiesskylines,93
citiesxl,0
citiesxllimitededition,0
citiesxl2011,0
citiesxl2012,0
citiesxlplatinum,0
citiesxxl,0
citiesinmotion,0
citiesinmotion2,0
citylife2008,0
cityofheroes,0
cityofsteamarkadia,97
civcityrome,100
civilwarii,77
claire,0
clashofpuppets,84
clergysplode,0
clickerheroes,89
clickr,0
clickteamfusion25,90
clivebarkersjericho,0
clockworkempires,0
clockworktalesofglassandink,90
closecombatgatewaytocaen,0
closeyoureyes,86
closure,0
cloudchamber,78
cloudberrykingdom,90
cloudbuilt,85
cloudywithachanceofmeatballs,0
clownhousepalyaoevi,0
clutch,98
cobitreasuredeluxe,76
codenamecure,84
codenamegordon,100
codenamepanzerscoldwar,0
coffindodgers,70
cognitionanericareedthriller,83
cogs,92
coil,83
coincrypt,91
colinmcraerally,0
collapse,0
colonialconquest,0
colorsymphony,72
comamortuary,0
comanche4,0
combatarms,0
combatwingsbattleofbritain,94
commandandconquer3kaneswrath,94
commandandconquer3tiberiumwars,90
commandandconquer4tiberiantwilight,0
commandandconquerredalert3,85
commandandconquerredalert3uprising,86
commanderconquestoftheamericas,0
commanderconquestoftheamericasgold,0
commanderkeencompletepack,93
commandojack,0
commandos2menofcourage,84
commandos3destinationberlin,0
commandosbehindenemylines,89
commandosbeyondthecallofduty,89
communitycollegeherotrialbyfire,85
companyofheroes,94
companyofheroesnewsteamversion,0
companyofheroes2,80
companyofheroeseuropeatwar,88
companyofheroesopposingfronts,90
companyofheroestalesofvalor,92
condemnedcriminalorigins,0
conflictdeniedops,0
confrontation,0
coniclysm,0
conquestofchampions,70
constantc,92
construct2free,0
constructionsimulator2015,79
contagion,75
containmentthezombiepuzzler,90
contraptionmaker,92
contrast,90
controllercompanion,90
convoy,78
cookservedelicious,95
copapetrobrasdemarcas,0
corporatelifestylesimulator,86
cortexcommand,82
cosmicdj,88
cosmicosmo,0
cosmonautica,0
cosmophony,84
cossacksartofwar,89
cossacksbacktowar,90
cossackseuropeanwars,0
cossacksiibattleforeurope,90
cossacksiinapoleonicwars,0
costumequest,94
counterstrike,0
counterstrikeconditionzero,0
counterstrikeconditionzerodeletedscenes,0
counterstrikeglobaloffensive,0
counterstrikenexonzombies,0
counterstrikesource,0
cradle,0
crafttheworld,88
crashtimeii,0
crawl,95
crayonphysicsdeluxe,90
crazymachines,82
crazymachines2,0
crazyplantshop,78
crazytaxi,0
creavures,0
creativerse,78
creeperworld3arceternal,96
cricketcaptain2014,0
cricketrevolution,0
crimecraftgangwars,0
crimsonland,0
crimzoncloverworldignition,93
criticalmass,73
crittercrunch,80
cronix,0
crossfireeurope,0
crouchingponyhiddendragon,0
crowntakers,75
crusaderkingscomplete,0
crusaderkingsii,90
crusadersthykingdomcome,0
crusadersofthelostidols,82
cryoffear,88
cryostasis,0
cryptofthenecrodancer,95
crysis,0
crysis2,0
crysis2maximumedition,85
crysiswarhead,85
crysiswars,85
crystalsoftime,0
cthulhusavestheworld,92
cubegun,0
cubemen,73
cubemen2,90
cubiccastles,74
cubot,88
culturesnorthland,82
cursetheeyeofisis,75
curseofmermos,0
cyto,76
dipripwarmup,80
dust,100
d4darkdreamsdontdie,80
dark,0
darksoulsii,87
darksoulsiischolarofthefirstsin,85
dcuniverseonline,80
dcsblackshark,88
dcsworld,0
defcon,82
detour,0
dlcquest,87
doom3,89
doom3bfgedition,85
doom3resurrectionofevil,0
doomiihellonearth,0
dragonballxenoverse,89
drakerzconfrontation,0
dungeonssteamspecialedition,84
dungeonsthedarklordsteamspecialedition,0
dynastywarriors8xtremelegendscompleteedition,84
daikatana,0
damnation,0
damnationcityofdeath,95
damned,71
dangeroushighschoolgirlsintrouble,70
dangerouswaters,0
darkarcanathecarnival,87
darkecho,92
darkfall1thejournal,76
darkfalllostsouls,88
darkmessiahofmightmagicmultiplayer,0
darkmessiahofmightmagicsingleplayer,100
darksoulspreparetodieedition,0
darkvoid,0
darkvoidzero,0
darkend,0
darkstarone,82
darkestdungeon,91
darkesthouraheartsofirongame,0
darkesthoureurope4445,0
darkout,0
darksiders,0
darksidersii,76
darksidersiideathinitiveedition,78
darkspore,0
darkstone,77
darkwindwaronwheels,0
darwinia,0
david,79
dawnofdiscovery,0
dawnofdiscoveryvenice,0
dayonegarrysincident,0
dayofdefeat,0
dayofdefeatsource,78
dayz,76
daylight,0
deadbits,0
deadeffect,72
deadhorde,0
deadisland,0
deadislandepidemic,0
deadislandriptide,0
deadmountaineershotel,0
deadpixels,0
deadrealm,0
deadrising2,0
deadrising2offtherecord,0
deadrising3,76
deadspace,91
deadspace2,74
deadstate,73
deadoralive5lastround,0
deadcore,85
deadbreed,0
deadfalladventures,74
deadlight,79
deadlingsrottenedition,76
deadly30,79
deadlypremonitionthedirectorscut,0
deadlyprofits,0
deadpool,0
dearesther,95
deathrally,71
deathskidmarks,91
deathspank,94
deathspankthongsofvirtue,0
deathmatchclassic,0
deathtrap,84
decaythemare,76
deepworld,0
defendyourlife,82
defendersquestvalleyoftheforgotten,95
defensegrid2,85
defensegrid2amatterofendurance,0
defensegridtheawakening,96
defiance,0
defygravity,85
deltaforce2,0
deltaforceblackhawkdown,0
deltaforceblackhawkdownteamsabre,0
delvedeeper,0
delver,88
dementiumiihd,0
demigod,75
demiseofnationsrome,0
democracy2,0
democracy3,0
demolitioninc,78
demonhunterchroniclesfrombeyond,0
demonicon,0
deponia,86
deponiathecompletejourney,87
depressionquest,0
depth,89
depthhunter2deepdive,74
depthsofperil,88
descent,0
descent2,92
descentunderground,0
desktopdungeons,88
despair,0
desperadoswanteddeadoralive,87
destinationsol,78
destinywarriors,0
detectivegrimoire,95
dethroned,0
deusexgameoftheyearedition,94
deusexhumanrevolution,0
deusexhumanrevolutiondirectorscut,92
deusexhumanrevolutionthemissinglink,0
deusexinvisiblewar,0
deusexrevision,91
deusexthefall,0
devguy,79
devilmaycry3specialedition,89
devilmaycry4,96
devilmaycry4specialedition,89
devilian,0
devilsshare,0
dex,86
dirt,0
dirt2,0
dirt3,84
dirt3completeedition,0
dirtrally,88
dirtshowdown,0
diamonddan,0
diaperdash,85
digordie,90
diggeronline,0
digitalcombatsimulatora10cwarthog,0
dinerdashhometownhero,0
dinertowntycoon,0
dinodday,0
dinosaurhuntafricacontract,0
dirtybomb,81
disciplesiigalleansreturn,0
disciplesiiriseoftheelves,0
disciplesiiireincarnation,0
disciplesiiirenaissance,0
disciplesiiiresurrection,0
disciplessacredlandsgold,85
dishonored,97
dishonoredru,89
disneyinfinity20,0
disneyinfinity30playwithoutlimits,0
displayfusion,86
distance,93
distantstarrevenantfleet,0
distantworldsuniverse,72
district187,0
divetothetitanic,70
divekick,90
divinedivinity,87
divinesouls,75
divinitydragoncommander,72
divinitydragoncommanderbeta,0
divinityiiegodraconis,0
divinityiithedragonknightsaga,0
divinityiideveloperscut,83
divinityoriginalsin,95
divinityoriginalsinenhancededition,89
dizzel,0
dmcdevilmaycry,93
docclockthetoastedsandwichoftime,0
doctorwhotheeternityclock,0
dodge,0
dogfighter,78
dogfight1942,81
dogsofwaronlinebeta,0
dollardash,0
dominions4,89
donbradmancricket14,85
dontstarve,96
dontstarvetogetherbeta,95
doodlegod,78
doorkickers,94
doorwaysprelude,0
doorwaystheunderworld,0
dota2,81
doubleactionboogaloo,92
doubledragonneon,78
downtoone,0
downwell,96
drlangeskovthetigerandtheterriblycursedemeraldawhirlwindheist,93
draconianwars,0
draculaorigin,72
draculaslegacy,78
dragomonhunter,99
dragonageii,0
dragonageorigins,0
dragonageoriginsultimateedition,0
dragonageoriginscharactercreator,0
dragonnest,72
dragonnesteurope,0
dragonquestheroes,0
dragonthegame,0
dragonslair,78
dragonslair2timewarp,79
dragonsprophet,0
dragonspropheteu,0
dragonsandtitans,0
drakensang,81
drakensangtheriveroftime,0
drawastickmanepic,80
drawnthepaintedtower,96
dream,0
dreamofmirroronline,0
dreampinball3d,0
dreamfallchapters,82
dreamfallthelongestjourney,83
dreamingsarah,92
driftmoon,87
driversanfrancisco,0
droidassault,83
droplitz,0
drunkenrobotpornography,84
duckdynasty,0
duckgame,97
ducktalesremastered,87
dukenukem3dmegatonedition,0
dukenukemforever,0
dukenukemforever,0
dungeondefenders,93
dungeondefenderseternity,0
dungeondefendersii,77
dungeonhearts,0
dungeonparty,0
dungeonsiege,82
dungeonsiege2,82
dungeonsiegeiii,82
dungeonsouls,77
dungeonoftheendless,88
dungeonbowlknockoutedition,0
dungeonland,0
dungeonsdragonschroniclesofmystara,81
dungeonsdragonsdaggerdale,0
dungeonsdragonsonline,71
dungeons2,78
dungeonstheeyeofdraconus,0
dungeonsofdredmor,94
dustanelysiantail,95
dustforce,0
dustoffhelirescue,86
dwarfsf2p,85
dwarfs,0
dyinglight,95
dynamitejack,89
dynastywarriors8empires,0
dynomitedeluxe,0
dysantheshapeshifter,89
dysfunctionalsystemslearningtomanagechaos,75
eyedivinecybermancy,84
edge,0
enki,0
enslavedodysseytothewestpremiumedition,86
eveonline,73
evgaprecisionx16,80
eadormastersofthebrokenworld,0
earth2150lostsouls,0
earth2150themoonproject,0
earth2150trilogy,77
earth2160,0
earthdefenseforceinsectarmageddon,88
eastindiacompany,0
eastindiacompanygold,0
eastindiacompanypiratebay,0
eastindiacompanyprivateer,0
eastsidehockeymanager,86
easyanticheatesports,0
eatenalive,0
echelon,0
echoofsoul,0
echoofthewilds,79
echoes,92
edenstardestroybuildprotect,0
edgeofspace,0
ednaharveyharveysneweyes,88
ednaharveythebreakout,85
eets,0
eetsmunchies,82
eidolon,82
eldevin,78
eldritch,88
electrichighways,0
electronicsuperjoy,90
electronicsuperjoygroovecity,79
element4l,84
eleusis,0
elitedangerous,76
elitedangeroushorizons,0
elseheartbreak,79
elsword,74
elvenlegacy,76
emergency2012,0
emergency2013,0
emergency2014,0
emergency5deluxeedition,0
emilyisaway,88
empiretvtycoon,76
empiretotalwar,0
empires,86
empyriongalacticsurvival,79
enclave,0
endlesslegend,84
endlesssky,92
endlessspace,83
enemyfront,0
enemymind,81
enemyterritoryquakewars,0
enforcerpolicecrimeaction,0
englishcountrytune,91
enigmatis2themistsofravenwood,97
enigmatistheghostsofmaplecreek,84
environmentalstationalpha,84
epicarena,0
epicbattlefantasy4,98
epiccardsbattletcg,0
epigenesis,0
eradicator,88
eryisaction,89
escape,74
escapegoat,95
escapemachines,0
escaperosecliffisland,0
eschalonbook1,86
eschalonbook2,85
esenthelengine,0
estrangedacti,93
eternalfate,0
eternalsenia,97
eternalsilence,87
ethanmeteorhunter,0
etherone,73
ethervaporremaster,83
etherium,0
etherlordsii,86
eufloria,0
eufloriahd,91
eurofishing,0
eurotrucksimulator,83
eurotrucksimulator2,97
eurofightertyphoon,0
europauniversalisiii,85
europauniversalisiv,86
europauniversalisromegoldedition,0
europeanshipsimulator,0
everquestfreetoplay,79
everquestii,79
everquestsecretsoffaydwer,0
everquestseedsofdestruction,0
everlastingsummer,94
everydaygeniussquarelogic,98
evilgenius,0
evochronmercenary,0
evoland,83
evolutionrts,95
evolve,0
executiveassault,84
expeditionsconquistador,77
fear,93
fear2projectorigin,0
fear3,70
fearextractionpoint,93
fearonline,0
fearperseusmandate,93
f12010,0
f12011,0
f12012,0
f12013,0
f12014,0
f12015,0
f1racestars,0
fate,95
fateundiscoveredrealms,87
fez,93
fifamanager09,0
fifamanager11,0
finalfantasyiii,93
finalfantasyiv,90
finalfantasytype0hd,0
finalfantasyvii,80
finalfantasyviii,93
finalfantasyxi,0
finalfantasyxiii,74
finalfantasyxiii2,0
finalfantasyxivarealmreborn,0
fistofawesome,0
flock,94
flyn,91
forced,74
fotonica,89
fractosc,85
frontiers,0
ftlfasterthanlight,95
fuel,0
fxfootballthemanagerforeveryfootballfan,0
fablethelostchapters,92
fableanniversary,85
fableiii,0
facenoir,0
faceofmankind,0
facerig,76
facesofwar,88
fadinghearts,0
faeriesolitaire,0
fahrenheitindigoprophecyremastered,81
fairstrike,73
fairybloomfreesia,90
fairyfencerf,90
fairytalemysteriesthepuppetthiefcollectorsedition,0
fallofthenewagepremiumedition,0
fallenearth,0
fallenenchantress,0
fallenenchantresslegendaryheroes,79
fallout,86
fallout2,83
fallout3,0
fallout3gameoftheyearedition,80
fallout4,83
falloutnewvegas,0
fallouttactics,74
famaze,78
familyguybacktothemultiverse,0
fancyskulls,72
farcry,81
farcry2,76
farcry3,89
farcry3blooddragon,87
farcry4,72
farsky,0
farlightexplorers,0
farmmachineschampionships2014,0
farmforyourlife,80
farminggiant,76
farmingsimulator15,91
farmingsimulator2011,91
farmingsimulator2013,91
farmingsimulator2013moddingtutorials,0
farmingworld,0
fastfuriousshowdown,0
fatchicken,86
fateoftheworld,0
fattymazesadventures,0
fearlessfantasy,88
feedingfrenzy2shipwreckshowdowndeluxe,0
festermuddcurseofthegoldepisode1,78
fieldrunners,77
fieldrunners2,89
fiendsofimprisonment,0
fiestaonline,0
fiestaonlinena,0
fightthedragon,78
finaldoom,0
finaldusk,76
finalexam,85
finalhoursoftitanfall,0
finalslam2,0
findingteddy,82
fingerbones,79
fingered,74
finnandjakesepicquest,74
fire,0
firefall,0
firefighters2014,0
fireflyonlinecortex,75
fishingplanet,86
fistpuncher,74
fistfuloffrags,91
fivenightsatfreddys,93
fivenightsatfreddys2,94
fivenightsatfreddys3,90
fivenightsatfreddys4,93
flashback,0
flatout,92
flatout2,91
flatoutultimatecarnage,0
flatout3,0
flesheaters,74
flightcontrolhd,0
flightoftheicarus,0
floatingpoint,95
florasfruitfarm,0
flowershopwinterinfairbrook,0
folktale,0
foosballstreetedition,0
footlolepicfailleague,86
footballmanager2009,0
footballmanager2010,86
footballmanager2011,86
footballmanager2012,93
footballmanager2013,0
footballmanager2014,0
footballmanager2015,0
footballmanager2016,0
footballmanager2016demo,0
footballsuperstars,0
footballtactics,90
fordracing3,89
foreignlegionbucketsofblood,0
foreignlegionmultimassacre,0
forge,0
forkparkersholidayprofithike,82
formulafusion,0
forsakenuprising,0
forsakenworld,78
fortix,87
fortix2,87
fortresscraftevolved,72
fortunesummonerssecretoftheelementalstone,84
foulplay,80
fractalmakebloomsnotwar,0
fracturedspace,0
franchisehockeymanager2,0
franchisehockeymanager2014,0
frankensteinmasterofdeath,82
freakingmeatbags,84
freddifishandluthersmazemadness,87
fredericevilstrikesback,85
freetoplay,95
freestyle2streetbasketball,72
freedomfall,88
freedomforce,0
freedomforcevsthe3rdreich,88
freedomplanet,96
freighttycooninc,0
fritzchess14,0
fromdust,0
fromthedepths,90
frontmissionevolved,0
frontlinetactics,0
frontlinesfuelofwar,0
frozenfreefallsnowballfight,72
frozenhearth,0
frozensynapse,89
frozensynapseprime,0
fullmojorampage,84
fullspectrumwarrior,0
fullspectrumwarriortenhammers,0
fuse,0
galakz,78
gasp,89
gearcrackarena,0
grav,0
grid,0
grid2,0
gridautosport,0
gtr2fiagtracinggame,92
gtrevolution,0
guiltygearxxaccentcoreplusr,96
guiltygearxrdsign,91
gun,0
galacticcivilizationsiultimateedition,0
galacticcivilizationsiiultimateedition,79
galacticcivilizationsiii,76
galaxyonfire2fullhd,76
galcon2,83
galconfusion,75
galconlegends,0
gamecharacterhub,0
gamedevtycoon,95
gametycoon15,0
gameofthrones,73
gameofthronesatelltalegamesseries,75
gameguru,0
gamemakerstudio,0
gamersgomakers,78
gamesofglory,80
gangbeasts,84
gaokaolove100days,93
garrysmod,0
gasguzzlersextreme,85
gateways,91
gauntlet,80
gearup,74
gemcraftchasingshadows,95
geminirue,0
geminiwars,0
gemsofwar,79
genesisonline,0
genesisrising,79
geometrydash,93
geometrywars3dimensionsevolved,90
geometrywarsretroevolved,90
gestureworksgameplay,0
getoffmylawn,73
ghostencountersdeadwoodcollectorsedition,0
ghostmaster,89
ghostintheshellstandalonecomplexfirstassaultonline,0
ghostbusterssanctumofslime,0
ghostbustersthevideogame,0
gianasisterstwisteddreams,82
gianasisterstwisteddreamsriseoftheowlverlord,83
giganticarmy,77
gish,0
gladiatorsonlinedeathbeforedishonor,0
glare,76
globalagenda,84
globalagendabeta,0
glowfish,0
gnomoria,75
gogonipponmyfirsttriptojapan,90
godfactorywingmen,0
goatsimulator,90
godmode,0
godswillbewatching,71
godus,0
goldrushclassic,87
goldenrush,0
gomo,76
gonehome,77
goocubelets,100
goodbyedeponia,89
gorky17,85
gothamcityimpostors,0
gothamcityimpostorsfreetoplay,0
gothic,0
gothic3,0
gothic3forsakengodsenhancededition,0
gothiciigoldedition,0
governorofpoker2premiumedition,0
grandagesmedieval,0
grandagesrome,76
grandchase,0
grandclassmelee2,73
grandtheftauto,0
grandtheftauto2,88
grandtheftautoepisodesfromlibertycity,73
grandtheftautoiii,0
grandtheftautoiv,0
grandtheftautosanandreas,0
grandtheftautov,87
grandtheftautovicecity,0
gratuitousspacebattles,0
gravilon,0
gravitybadgers,70
gravityghost,95
graymatter,90
greatpermutator,89
greedblackborder,0
greedcorp,0
greygoo,0
greysanatomythevideogame,0
greyfox,74
gridrunnerrevolution,85
grimdawn,93
grimfandangoremastered,90
grimlegends2songofthedarkswan,96
grimlegendstheforsakenbride,95
grimind,0
grimm,0
grimoiremanastorm,0
grotesquetactics2dungeonsanddonuts,95
grotesquetacticsevilheroes,0
growhome,93
guacameleegoldedition,93
guardiansofgraxia,0
guardiansofmiddleearth,0
guardiansoforion,0
guildcommander,0
guildwars,0
guildwarsgameoftheyear,0
guildwarstrilogy,91
guildofdungeoneering,76
guiltygearisuka,0
guiltygearx2reload,88
gumboycrazyadventures,0
gumboycrazyfeatures,91
gunmetal,85
gunmonkeys,0
gunworld,72
gunz2thesecondduel,0
guncraft,0
gundeadligne,83
gundemoniumrecollection,91
gunmanclive,88
gunpoint,97
gunsandrobots,0
gunsoficarusonline,91
gunsnzombies,0
gunscape,70
gunship,0
gunslugs2,0
gunspellsteamedition,0
guruminamonstrousadventure,92
h1z1,91
h1z1testserver,0
hawken,95
helldivers,90
hisheroesinthesky,0
hit,0
hoard,0
habitat,0
hacknslash,0
hackslashloot,0
hackerevolution,71
hackerevolutionuntold,98
hackerevolutionduality,0
hacknet,93
halfminuteherosupermeganeoclimaxultimateboy,88
halflife,0
halflife2,0
halflife2deathmatch,0
halflife2episodeone,98
halflife2episodetwo,0
halflife2lostcoast,0
halflife2update,71
halflifeblueshift,0
halflifedeathmatchsource,0
halflifeopposingforce,78
halflifesource,0
halfway,71
halospartanassault,78
hamiltonsgreatadventure,0
hamletorthelastgamewithoutmmorpgfeaturesshadersandproductplacement,0
hammerfight,0
hammerwatch,88
handoffate,89
happywars,0
hardreset,82
hardtruckapocalypseexmachina,83
hardtruckapocalypseriseofclansexmachinameridian113,75
hardland,0
harvestmassiveencounter,76
hateplus,84
hatofulboyfriend,94
hatred,82
hauntthehouseterrortown,87
haunted,78
hauntedhouse,83
hauntedmemories,0
hazardops,0
hexenbeyondheretic,0
hexenii,80
heartsofironiicomplete,86
heartsofironiii,77
heavybullets,82
heavyfireafghanistan,0
hectorep1,82
hectorep2,80
hegemonygoldwarsofancientgreece,94
hegemonyiiiclashoftheancients,81
hegemonyphilipofmacedon,0
hegemonyrometheriseofcaesar,0
heliheroes,0
helicoptersimulator2014searchandrescue,0
hellyeah,84
hellokittyandsanriofriendsracing,79
herstory,89
hereticshadowoftheserpentriders,0
heroacademy,71
herosiege,0
heroofthekingdom,94
heroesgenerals,73
heroesovereurope,0
heroesandtitansonline,0
heroesofhellas3athens,94
heroesofmightmagiciiihdedition,78
heroesofmightmagicv,87
heroesofmightmagicvhammersoffate,85
heroesofmightmagicvtribesoftheeast,92
heroesofscene,0
heroesofsoulcraft,0
heroesofabrokenland,86
hexcells,96
hiddenobjectbundle4in1,93
higurashiwhentheycrych1onikakushi,96
hitman2silentassassin,82
hitmanabsolution,92
hitmanbloodmoney,93
hitmancodename47,72
hitmancontracts,87
hitmansniperchallenge,80
hitogatahappa,79
hollywoodvisionary,87
holypotatoesaweaponshop,71
home,0
homebrewvehiclesandbox,0
homefront,0
homeworldremasteredcollection,88
hook,97
horizon,0
horizonshift,86
hospitaltycoon,0
hostilewatersantaeusrising,95
hoteldash,0
hotelgiant2,80
hotlinemiami,97
hotlinemiami2wrongnumber,94
howtosurvivethirdperson,0
howtosurvive,82
humanityasset,0
huniepop,96
huntedthedemonsforge,75
huntingunlimited2010,84
huntsmantheorphanagehalloweenedition,0
hurtworld,76
hydrophobiaprophecy,0
hylics,98
hyperfighters,0
hyperdimensionneptuniarebirth1,94
iamalive,0
ihavenomouthandimustscream,89
iambread,78
izombie,84
ifluid,0
il2sturmovik1946,89
il2sturmovikbattleofstalingrad,81
il2sturmovikcliffsofdover,0
ink,0
iceagecontinentaldriftarcticgames,0
icewinddaleenhancededition,90
ichi,85
iesabel,0
ifmyhearthadwings,92
ignite,80
ikaruga,94
imagineearth,79
immortalempire,72
immune,0
imperialglory,77
imperiumromanumgoldedition,84
impire,0
impossiblecreatures,95
incomingforces,72
incredipede,78
indianajonesandthefateofatlantis,93
indianajonesandthelastcrusade,77
indiegamethemovie,96
indigoprophecy,0
industrygiant2,86
infectanddestroy,0
infestationsurvivorstories,0
infestedplanet,94
infinifactory,95
infinitecrisis,0
infinitywarsanimatedtradingcardgame,77
influent,74
injusticegodsamongusultimateedition,86
insane2,0
insanelytwistedshadowplanet,88
insaniquariumdeluxe,0
insidethegear,0
insideastarfilledsky,0
insurgency,92
insurgencymoderninfantrycombat,88
intergalacticbubbles,79
internationalsnooker,0
interplanetary,100
interstellarmarines,0
intothewar,0
intothedark,0
introductionto3dpropmodelinganddesignvikingarmorandweapons,0
intrusion2,93
invisibleapartment,70
invisibleinc,91
ionball2ionstorm,70
ironbrigade,85
irongripwarlord,87
ironwarriorst72tankcommand,0
ironcast,73
ironcladtactics,75
islandflightsimulator,0
itcamefromspaceandateourbrains,79
ittledew,92
jackkeane,0
jacklumber,82
jacobjonesandthebigfootmysteryepisode2,92
jadeempirespecialedition,75
jaggedalliancebackinaction,71
jaggedalliance2wildfire,79
jaggedalliance2goldpack,0
jaggedalliancecrossfire,0
jaggedallianceflashback,0
jaggedallianceonlinesteamedition,0
jamestown,94
jazzpunk,0
jetgunner,75
jetsetradio,91
jetsngunsgold,88
jigokukisetsukansenseoftheseasons,93
joedanger,78
joedanger2themovie,79
joedeverslonewolfhdremastered,74
jollyrover,0
journeyofthelight,0
journeyofaroach,89
judgedredddreddvsdeath,0
jumpdrive,0
jurassicparkthegame,70
justcause,0
justcause2,90
justcause2multiplayermod,91
justcause3,84
justgetthrough,84
kami,95
kholat,0
kwaan,0
kairo,74
kanelynch2dogdays,0
kanelynchdeadmen,0
karatemaster2knockdownblow,86
karosreturns,72
keendreams,0
keeptalkingandnobodyexplodes,97
kenshi,95
kentuckyroutezero,82
kerbalspaceprogram,95
khet20,90
kickbeatsteamedition,75
kidnapped,0
killfunyeah,0
killthebadguy,0
killerisdead,76
killingfloor,88
killingfloor2,88
killingfloorbeta,88
killingfloormoddefencealliance2,0
kineticvoid,0
kingarthurtheroleplayingwargame,0
kingarthurcollection,0
kingarthuriitheroleplayingwargame,0
kingarthursgold,84
kingofdragonpass,79
kingsbountyarmoredprincess,76
kingsbountycrossworlds,0
kingsbountydarkside,71
kingsbountythelegend,91
kingsbountywarriorsofthenorth,78
kingsquest,90
kingdom,0
kingdomrush,97
kingdomtales2,0
kingdomwars,0
kingdomwars2battles,0
kingdoms,74
kingdomsccg,0
kingdomsrise,79
kingdomsofamalurreckoning,87
kingsbountylegions,0
kingsofkungfu,0
knightshift,75
knightmaretower,94
knightsandmerchants,86
knightsofhonor,92
knightsofpenandpaper1,83
knockknock,89
kohaniikingsofwar,94
kohanimmortalsovereigns,82
korwinthegame,79
krater,0
krosmasterarena,0
kungfustrikethewarriorsrise,78
kungfury,98
kungfurystreetrage,0
kuros,95
kyn,0
lanoire,85
lacops,0
legobatman2,0
legobatman3beyondgotham,89
legobatmanthevideogame,89
legoharrypotteryears57,89
legojurassicworld,91
legomarvelsuperheroes,94
legopiratesofthecaribbeanthevideogame,90
legothehobbit,79
legothelordoftherings,90
legoworlds,77
level22,0
lightningreturnsfinalfantasyxiii,79
limbo,80
lisa,95
luftrausers,91
lyne,95
latale,0
lamulana,80
labyroniarpg,74
lakeviewcabincollection,95
lambdawarsbeta,0
lamiamustdie,0
landmark,0
laracroftandtheguardianoflight,0
laracroftandthetempleofosiris,0
larvamortus,76
lastknightroguerideredition,85
lastword,82
layersoffear,79
leadandgoldgangsofthewildwest,0
left4dead,0
left4dead2,0
leftinthedarknooneonboard,82
legacyofkainsoulreaver,0
legacyofkainsoulreaver2,0
legendofdungeon,73
legendofdungeonmasters,0
legendoffae,76
legendofgrimrock,93
legendofgrimrock2,91
legendofmysteria,0
legendary,0
legendsofaethereus,75
legendsofeisenwald,76
legendsofpegasus,0
legoharrypotter,0
legostarwars3theclonewars,83
legostarwarssaga,0
leosfortune,92
letthecatin,77
lethalleague,95
letterquestgrimmsjourney,96
letterquestgrimmsjourneyremastered,94
leviathanwarships,0
lichdombattlemage,0
lifeisstrange,96
lifeisfeudalyourown,0
lifeishard,0
lifeofpixel,0
lifelessplanet,77
light,0
lightofaltair,0
lightfish,90
lilichildofgeos,85
lillylookingthrough,77
lillyandsashacurseoftheimmortals,93
lineageii,0
littlebigadventure2,0
littlefarm,0
littleinferno,96
littleracersstreet,84
loadout,0
loadoutcampaignbeta,0
london2012theofficialvideogameoftheolympicgames,0
lonesurvivorthedirectorscut,86
longlivethequeen,94
loom,89
lordsofthefallen,0
lordsofmagicspecialedition,91
lordsoftheblacksun,0
lordsoftherealmii,96
losthorizon,0
lostlandsahiddenobjectadventure,88
lostplanet2,0
lostplanet3,0
lostplanetextremecondition,0
lostplanetextremeconditioncoloniesedition,0
lostsaganorthamerica,0
love,92
lovelyplanet,93
lucid,0
lucidity,70
lucius,80
luciusii,0
lugaruhd,83
lume,0
lumines,0
luminocity,85
lunarflight,83
lunchtrucktycoon,0
mudtv,0
massivechalice,73
mdk,0
medievaltotalwargoldedition,0
metalgearrisingrevengeance,96
metalgearsolidvgroundzeroes,83
metalgearsolidvthephantompain,91
metalslug3,90
metalslugdefense,0
metalslugx,88
mlb2k10,0
mlb2k11,0
mlb2k12,0
mlbfrontofficemanager,0
murderedsoulsuspect,86
muri,93
mxvsatvreflex,0
mxvsatvsupercrossencore,0
mxgptheofficialmotocrossvideogame,81
mabinogi,74
macguffinscurse,92
machinarium,0
madgamestycoon,91
madmax,91
madballsinbaboinvasion,84
maelstrom,0
mafia,0
mafiaii,100
magic2014,82
magic2015,0
magicbarragebitferno,0
magicduels,70
magicthegatheringduelsoftheplaneswalkers2012,87
magicthegatheringtactics,0
magicthegatheringduelsoftheplaneswalkers,87
magicthegatheringduelsoftheplaneswalkers2013,87
magicaldiary,92
magicite,85
magicka,82
magicka2,82
magickawizardwars,0
magickawizardsofthesquaretablet,0
magneticbynature,81
maia,0
mainland,82
majesty2,0
majesty2collection,94
majestygoldedition,93
majormayhem,93
makeitindie,0
makinghistorythecalmthestorm,79
manyland,72
maplestory,0
marblemayhemfragileball,0
marchofwar,0
marchoftheeagles,0
marenostrum,84
markoftheninja,96
marlowbriggs,90
marscolonychallenger,0
marswarlogs,74
marvelheroes2015,0
marvelpuzzlequest,0
masseffect,0
masseffect2,0
masterlevelsfordoomii,93
maszynyrolnicze2015,0
maxgentlemen,86
maxpayne,88
maxpayne2thefallofmaxpayne,94
maxpayne3,86
maxthecurseofbrotherhood,94
maxandthemagicmarker,0
mcpixel,87
mechwarrioronline,80
mechanicescape,81
medalofhonorairborne,0
medalofhonortmmultiplayer,93
medalofhonortmsingleplayer,0
medievalengineers,0
medievaliitotalwar,0
medievaliitotalwarkingdoms,0
megamanlegacycollection,86
melissakandtheheartofgoldcollectorsedition,0
mementomori2,0
memoir44online,0
memoriesofavagabond,74
menofwar,90
menofwarassaultsquad,91
menofwarassaultsquad2,91
menofwarcondemnedheroes,73
menofwarredtide,0
menofwarvietnam,0
mensaacademy,0
mercenarykings,74
merchantsofkaidan,0
meridiannewworld,0
metalgearsolidlegacy,88
metalplanet,0
metalreaperonline,0
metalwaronlineretribution,0
metaverseconstructionkit,0
metro2033,0
metro2033redux,90
metroconflict,0
metrolastlight,0
metrolastlightredux,90
metrocide,0
miasmata,77
microvoltssurge,0
microsoftflight,0
microsoftflightsimulatorxsteamedition,85
middleearthshadowofmordor,91
midnightclubii,77
midnightmysteries3devilonthemississippi,91
midnightmysteries4hauntedhoudini,97
midnightmysteriessalemwitchtrials,72
mightmagicclashofheroes,87
mightmagicduelofchampions,0
mightmagicheroesonline,0
mightmagicheroesvi,0
mightmagicheroesvii,0
mightmagicxlegacy,0
mightygunvolt,74
millenniumanewhope,72
millie,83
mindpathtothalamusenhancededition,0
minecraftstorymodeatelltalegamesseries,76
minimetro,96
minimotorracingevo,0
minininjas,96
minimon,0
minimum,85
mirrorsedge,87
mirrormoonep,0
miscreated,0
mishapanaccidentalhaunting,0
missingtranslation,87
missioncontrolnanomech,0
mitosisthegame,80
mitsurugikamuihikae,80
mowfaceoffm,92
mowfaceoffxl,100
modularcombat,75
monaco,92
mondaynightcombat,0
monkeyisland2specialedition,0
monochroma,75
monopoly,0
monsterbash,94
monsterlovesyou,78
montaguesmount,0
moonbreakers,0
moonbasealpha,0
moonrise,0
mordheimcityofthedamned,72
morphopolis,83
mortalkombatkollection,0
mortalkombatkompleteedition,0
mortalkombatlegacyiiep1reunitedinmacau,88
mortalkombatx,87
mortalonline,0
motogp13,78
motogp14,0
motorbike,0
mountblade,92
mountbladewarband,0
mountbladewithfireandsword,91
mountyourfriends,95
mountain,89
mountaincrimerequital,83
moviestudio13platinumsteampowered,0
mrbree,85
mrrobot,82
multiwinia,0
murderminers,87
mushroom11,88
musiccreator6touch,0
mutantmuddsdeluxe,78
mylands,84
mystmasterpieceedition,88
mystv,0
mysterypithelotteryticket,83
mysterypithevegasheist,0
mysteryofneuschwanstein,76
nppdrushthemilkofultraviolet,0
narutoshippudenultimateninjastorm3fullburst,89
narutoshippudenultimateninjastormrevolution,84
nascar14,71
nascarthegame2013,0
nba2k11,0
nba2k12,0
nba2k13,0
nba2k14,0
nba2k15,0
nba2k16,0
nba2k9,0
needformadness,0
nekoparavol0,95
nekoparavol1,95
neoscavenger,89
neotokyo,72
nobunagasambitionkakushinwithpowerupkit,80
nobunagasambitionsphereofinfluence,83
notahero,83
naild,0
naissancee,84
nancydrewalibiinashes,91
nancydrewcurseofblackmoormanor,88
nancydrewdangerbydesign,81
nancydrewdangerondeceptionisland,93
nancydrewghostdogsofmoonlake,93
nancydrewghostofthorntonhall,93
nancydrewlasttraintobluemooncanyon,96
nancydrewlightscameracurses,0
nancydrewransomofthesevenships,0
nancydrewsecretofthescarlethand,89
nancydrewsecretscankill,0
nancydrewshadowatthewatersedge,80
nancydrewthecaptivecurse,0
nancydrewthecreatureofkapucave,0
nancydrewthedeadlydevice,92
nancydrewthehauntedcarousel,0
nancydrewthewhitewolfoficiclecreek,73
nancydrewtombofthelostqueen,87
nancydrewwarningsatwaverlyacademy,0
napoleontotalwar,0
narcissu1st2nd,95
narcoterror,0
nationred,75
naturalselection2,0
navalwararcticcircle,0
navalwarfare,0
navyfield2conqueroroftheocean,0
necrovisionlostcompany,0
necronomiconthedawningofdarkness,0
needforspeedhotpursuit,0
needforspeedshift,77
needforspeedundercover,87
neighboursfromhell,97
neighboursfromhell2,0
nether,79
neveralonekisimaingitchuna,81
neverendingnightmares,77
nevermind,75
neverwinter,77
neverwinternights2platinum,0
newstarsoccer5,0
newkindofadventure,0
nextcargamesneakpeek20,0
nextcargamewreckfest,0
nexuiz,0
nexusthejupiterincident,85
nightsintodreams,89
nidhogg,90
nightmysteriestheamphoraprisoner,0
nightshiftcode,0
nightsky,91
nightbanes,0
nightmaresfromthedeep2thesirenscall,0
nightmaresfromthedeep3davyjones,100
nightmaresfromthedeepthecursedheart,0
nihilumbra,88
nikopolsecretsoftheimmortals,0
nimblequest,90
nimblewriter,88
nimbus,80
ninjareflexsteamworksedition,89
nomoreroominhell,89
notimetoexplainremastered,83
notimetoexplain,0
nobunagasambitionsouzouwithpowerupkit,71
noirsyndrome,0
nomnomgalaxy,77
nosferatuthewrathofmalachi,90
nosgoth,0
nostradamusthelastprophecy,0
nottherobots,80
notgtav,78
nucleardawn,78
nuclearthrone,96
numbadeluxe,80
numencontestofheroes,0
nux,0
nyxquest,0
orb,75
oceancityracing,73
omsi2,83
onepiecepiratewarriors3,81
orionprelude,77
otttd,78
obludia,0
obscure,95
obscure2,95
obulis,0
oceanhornmonsterofunchartedseas,81
octodaddadliestcatch,93
oddworldabesexoddus,95
oddworldabesoddysee,90
oddworldmunchsoddysee,77
oddworldnewntasty,87
oddworldstrangerswrathhd,87
ofguardsandthieves,85
oforcsandmen,75
offspringfling,88
offworldtradingcompany,76
ohsir,83
ohmstudio,0
oilrush,0
olliolli,80
omegalodon,0
omertacityofgangsters,0
ontherainslickprecipiceofdarknessepisodeone,91
ontherainslickprecipiceofdarknessepisodetwo,87
onefingerdeathpunch,98
onelatenightdeadline,0
onemangaday,0
onenight,80
onewayheroics,94
onewaytodiesteamedition,0
oniken,82
onimusha3demonsiege,0
onlyif,0
ooziearthadventure,87
operationflashpointdragonrising,0
operationflashpointredriver,0
operationz,0
orbitalgear,83
orborun,85
orcsmustdie,96
orcsmustdie2,93
orderofwar,0
orderofwarchallenge,0
organtraildirectorscut,89
organicpanic,73
oriandtheblindforest,94
originalwar,94
oscuralostlight,0
osmos,86
ourdarkerpurpose,83
outthereedition,75
outtheresomewhere,92
outoftheparkbaseball14,0
outoftheparkbaseball15,0
outoftheparkbaseball16,0
outcast11,90
outland,0
outlast,96
over9000zombies,86
overthedream,0
overcastwaldenandthewerewolf,0
overgrowth,85
overlord,93
overlordii,0
overlordraisinghell,92
overture,71
pacmanchampionshipeditiondx,96
particlemace,87
payday2,90
paydaytheheist,93
paydaythewebseriesepisode1,0
pcgamer,0
postal,90
postal2,96
prototype2,74
ptboatsknightsofthesea,0
ptboatssouthgambit,0
pacificstorm,70
pacificstormallies,0
painkillerblackedition,89
painkillergoldedition,0
painkillerhelldamnation,78
painkilleroverdose,0
painkillerrecurringevil,0
painkillerredemption,0
painkillerresurrection,0
paintthetownred,96
pandorafirstcontact,0
panzar,0
panzercorps,91
panzertacticshd,74
papersorcerer,83
papersplease,0
papoyo,89
paranauticalactivitydeluxeatonementedition,0
paranormalstatepoisonspringcollectorsedition,0
parcel,84
parkan2,75
particula,70
particulars,0
partyhard,91
partyofsin,0
passingpineviewforest,0
patmat,0
patchtestingforchivalry,0
pathofexile,89
patricianiii,76
patricianivriseofadynasty,80
patricianivsteamspecialedition,0
peggledeluxe,0
peggleextreme,0
pegglenights,73
penguinsarenasednasworld,91
pennyarcadesontherainslickprecipiceofdarkness3,85
pennyarcadesontherainslickprecipiceofdarkness4,80
penumbrablackplague,93
penumbraoverture,89
penumbrarequiem,0
perpetuum,72
petzhorsez2,71
phantombreakerbattlegrounds,78
phoenixforce,83
pid,70
piercingblow,0
pillarsofeternity,87
pinballarcade,73
pinballfx2,0
pineviewdrive,0
pinkheaven,89
pinkhour,92
piratesofblackcove,0
piratesofblackcovegold,0
piratesvikingsknightsii,87
pixelpiracy,0
pixelpuzzlesjapan,81
pixelpuzzlesundeadz,73
pixelspace,0
pixeljunkeden,85
pixeljunkmonstersultimate,86
pixeljunkshooter,93
pixeljunkshooterultimate,84
plagueincevolved,94
plainsight,90
planetexplorers,0
planetoftheeyes,90
planetside2,81
planetaryannihilation,0
planetaryannihilationtitans,85
planetbase,79
planetsunderattack,0
plantsvszombiesgameoftheyear,0
platypus,93
platypusii,0
pleasedonttouchanything,88
plugplay,85
pointperfect,70
pokernight2,87
pokernightattheinventory,89
polarity,79
polybridge,91
pongo,72
poolnation,89
poolnationfx,72
portroyale2,70
portroyale3,72
portofcall,88
portal,0
portal2,96
portal2thefinalhours,77
portalstoriesmel,96
portalofevilstolenrunescollectorsedition,91
postapocalypticmayhem,88
postmaster,0
postmortem,0
postal3,0
potatomanseeksthetroof,83
poundofground,0
powerup,0
poxnora,75
praetorians,82
precivilizationmarbleage,0
pressure,0
pressured,0
prettygirlsmahjongsolitaire,75
prey,90
prideofnations,0
primalcarnage,77
primalcarnageextinction,84
primeworld,0
primeworlddefenders,78
primordia,96
princeofpersia,0
princeofpersiatheforgottensands,0
princeofpersiathesandsoftime,85
princeofpersiathetwothrones,79
princeofpersiawarriorwithin,83
prisonarchitect,90
prisontycoon3lockdown,0
procyclingmanager2013,0
procyclingmanager2014,0
procyclingmanager2015,0
procyclingmanagerseason2009,0
proevolutionsoccer2013,0
proevolutionsoccer2014,0
proevolutionsoccer2015,0
proevolutionsoccer2016,0
prorugbymanager2015,0
probablyarchery,0
professionalfarmer2014,0
projectaura,0
projectcars,0
projectexplore,0
projectsnowblind,75
projectzomboid,94
proteus,82
protogalaxy,0
prototype,0
psychostarshiprampage,83
psychonauts,96
psychonautsdemo,89
puddle,74
puttputtjoinsthecircus,87
puttputtsavesthezoo,97
puttputttravelsthroughtime,93
puttputtandpepsballoonorama,82
puzzleagent,88
puzzleagent2,87
puzzlebots,0
puzzlechronicles,0
puzzledimension,0
puzzlepirates,80
puzzlequest,87
puzzlequest2,0
puzzlequestgalactrix,0
puzzlerworld2,77
pyramidraid,0
pyroblazer,0
qubedirectorscut,82
qube,0
quake,0
quake4,0
quakeii,0
quakeiiiarena,0
quakeiiiteamarena,0
quakelive,87
quakemissionpack1scourgeofarmagon,0
quakemissionpack2dissolutionofeternity,0
quantz,90
quantumconundrum,83
quantumrushonline,0
quantumofsolace,0
quarriesofscred,90
questofdungeons,78
questrun,0
quintet,76
qvadriga,84
rbibaseball15,0
roots,0
ruse,0
race07,89
racecaterhamexpansion,0
radicalroachdeluxeedition,0
rage,75
rawrealmsofancientwar,0
recycle,0
rescue2,0
ridegame,79
rift,0
rip3thelasthero,0
riskfactions,100
rocketsrocketsrockets,82
ronin,71
rpgmo,78
rpgmaker2000,84
rpgmaker2003,93
rpgmakermv,91
rpgmakervxace,94
rpgmakerxp,93
rpgtycoon,0
runningwithrifles,88
rush,0
rwbygrimmeclipse,81
rabbithole3dsteamedition,0
racethesun,94
racethewtccgame,83
raceroomracingexperience,74
racer8,0
ragdollkungfu,0
ragnarok,71
ragnarokonline2,0
raidenlegacy,0
raiderz,0
railroadpioneer,0
railroadtycoon2platinum,89
railroadtycoon3,77
rake,71
rampageknights,93
randalsmonday,77
ravagedzombieapocalypse,0
ravenswordshadowlands,0
raymanlegends,89
raymanorigins,94
razor2hiddenskies,0
reachforthesun,0
realboxing,0
realhorrorstoriesultimateedition,0
realwarfare,100
realworldracing,0
reallybigsky,73
realmofthemadgod,92
realmsofarkania3shadowsoverrivaclassic,82
realmsofthehaunting,92
reapertaleofapaleswordsman,76
reassembly,94
rebelgalaxy,85
rebuild3gangsofdeadsville,86
receiver,86
recettearanitemshopstale,0
redbullxfighters,100
redcruciblefirestorm,75
redfaction,86
redfactionarmageddon,0
redfactionguerrillasteamedition,90
redfactionii,0
redorchestra2heroesofstalingradsingleplayer,0
redorchestraostfront4145,0
redstoneonline,0
redshirt,0
reignofkings,0
relichunterszero,76
rememberme,83
remnantsofisolation,78
renegadeops,85
renownedexplorersinternationalsociety,91
reprisaluniverse,75
republique,77
requiem,82
rescueeverydayheroes,89
rescueteam5,82
residentevilbiohazardhdremaster,0
residentevil5biohazard5,95
residentevil6biohazard6,95
residenteviloperationraccooncity,0
residentevilrevelationsbiohazardrevelations,81
residentevilrevelations2biohazardrevelations2,81
residuefinalcut,71
restaurantempireii,0
retention,0
retrocityrampagedx,88
retropixelcastles,74
retrograde,85
retrovirus,72
returntocastlewolfenstein,92
returntomysteriousisland2,0
reus,78
revealthedeep,82
revelations2012,0
revengeofthetitans,81
reversecrawl,89
reversi,0
reversiontheescape,81
revolutionace,71
rexaura,90
rhythmdestruction,0
rhythmzone,72
ricochet,0
ridecarnivaltycoon,0
ridingstar,0
rignroll,100
rigonauts,0
ringrunnerflightofthesages,85
riseofflightunited,0
riseofincarnates,0
riseofnationsextendededition,94
riseofvenice,0
riseoftheargonauts,79
riseofthetriad,0
risen,91
risen2darkwaters,0
risen3titanlords,72
risingangelsreborn,80
risingstormredorchestra2multiplayer,0
risingworld,83
riskofrain,96
rivalsofaether,96
riven,93
roadnottaken,82
roadredemption,82
robinhood,0
roboblitz,0
robocraft,72
robotrescuerevolution,0
robotrollerderbydiscododgeball,91
robotex,0
rochard,85
rockofages,91
rocketleague,88
rocketbirdshardboiledchicken,81
rocksmith,0
rocksmith2014,0
rodina,93
roguelegacy,92
rogueshooterthefpsroguelike,75
roguetrooper,93
roguewarrior,0
roguestale,74
roguelands,80
rollercoastertycoon,0
rollercoastertycoon2triplethrillpack,88
rollercoastertycoon3platinum,0
rollercoastertycoondeluxe,94
romanceofthethreekingdomsmaker,0
rometotalwar,0
rometotalwaralexander,0
roogoo,0
roomstheunsolvablepuzzle,0
rotieer,0
royaldefense,71
royalquest,93
rugbychallenge2,0
rugbyleagueteammanager2015,0
rulersofnations,0
runandfire,97
runawayaroadadventure,75
runawayatwistoffate,97
runeclassic,91
runers,80
runespelloverture,75
runestonekeeper,82
runningshadow,0
rushbros,0
rust,87
rustbucketrumble,0
rustyhearts,0
rysesonofrome,86
skillspecialforce2,71
stalkercallofpripyat,0
stalkerclearsky,0
stalkershadowofchernobyl,94
samuraiwarriors4ii,82
sc2vntheesportsvisualnovel,92
scharblueshieldalliance,0
segabassfishing,71
segagenesismegadriveclassics,0
smite,78
snow,0
soma,95
sonicthehedgehog4episodei,0
sonicthehedgehog4episodeii,79
spacecom,0
starwarsknightsoftheoldrepubliciithesithlords,93
starwarsxwingalliance,82
starwarsxwingvstiefighter,84
starwhal,91
stormfrontlinenation,0
superdistro,0
sacred2gold,77
sacred3,0
sacredcitadel,72
sacredgold,84
saintsrow2,74
saintsrowgatoutofhell,75
saintsrowiv,88
saintsrowivinaugurationstation,74
saintsrowthethird,0
saintsrowthethirdinitiationstation,0
saira,87
sakuraangels,84
sakuraclicker,83
sakuraspirit,77
sakuraswimclub,85
salt,76
salvationprophecy,0
sammax101cultureshock,0
sammax102situationcomedy,0
sammax103themolethemobandthemeatball,0
sammax104abelincolnmustdie,86
sammax105reality20,74
sammax106brightsideofthemoon,0
sammax201icestationsanta,0
sammax202moaibetterblues,0
sammax205whatsnewbeelzebub,0
sammax301thepenalzone,0
sammax302thetombofsammunmak,93
sammax303theystolemaxsbrain,95
sammax304beyondthealleyofthedolls,95
sammax305thecitythatdaresnotsleep,93
samanthaswiftandthegoldentouch,0
samorost2,96
sanctuaryrpgblackedition,92
sanctum,90
sanctum2,92
sandmason,76
sangfroidtalesofwerewolves,87
sanitarium,93
satellitereign,75
saturdaymorningrpg,78
savagelands,0
savantascent,93
saviors,82
saw,0
scaniatruckdrivingsimulator,80
scarygirl,0
schoolofdragonshowtotrainyourdragon,0
schrdingerscatandtheraidersofthelostquark,0
sciencegirls,70
scoregasm,84
scourgeoutbreak,0
scratchesdirectorscut,0
screencheat,91
scribblenautsunlimited,94
scribblenautsunmasked,82
seasonmatch3curseofthewitchcrow,78
seasonofmysterythecherryblossommurders,0
secondchanceheroes,0
secretfilespuritascordis,0
secretfilessampeters,73
secretfilestunguska,90
secretofmagia,0
secretponchos,73
secretofthemagiccrystal,0
secretsofgrindea,89
secretsofrtikon,0
section8,92
section8prejudice,0
seducemetheotome,86
sengoku,0
septerracore,82
serena,76
serioussam2,89
serioussam3bfe,85
serioussamclassicthefirstencounter,94
serioussamclassicthesecondencounter,0
serioussamclassicsrevolution,90
serioussamdoubledxxl,83
serioussamhdthefirstencounter,87
serioussamhdthesecondencounter,86
serioussamtherandomencounter,0
servo,0
sevenkingdoms2hd,83
shado,0
shadowharvestphantomops,0
shadowman,0
shadowpuppeteer,78
shadowwarrior,92
shadowwarriorclassic1997,92
shadowwarriorclassicredux,90
shadowofkingdoms,0
shadowgate,87
shadowgatemacventureseries,71
shadowgrounds,0
shadowgroundssurvivor,0
shadowrundragonfalldirectorscut,89
shadowrunhongkong,0
shadowrunreturns,88
shadowsofwar,0
shadowsonthevaticanactigreed,75
shallowspace,0
shangui,77
shank,90
shank2,82
shantaeriskysrevengedirectorscut,87
shantaeandthepiratescurse,94
sharkattackdeathmatch2,75
shatter,96
shatteredhorizon,84
shatteredplanet,0
shatteredunion,0
shellshock2bloodtrails,0
shelter,100
shelter2,87
sheltered,81
sherlockholmescrimesandpunishments,89
sherlockholmesnemesis,72
sherlockholmesandthehoundofthebaskervilles,89
sherlockholmesversusjacktheripper,79
shift2unleashed,90
shinythefirefly,76
shipsimulatorextremes,100
shipsimulatormaritimesearchandrescue,0
shipwreck,82
shootmanyrobots,75
shootmaniastorm,83
shoppekeep,0
shovelknight,0
showerwithyourdadsimulator2015doyoustillshowerwithyourdad,95
showtime,0
shufflepuckcantinadeluxevr,88
sin,100
sinepisodesemergence,0
sickbrick,0
sidmeiersacepatrol,71
sidmeiersacepatrolpacificskies,0
sidmeierscivilizationbeyondearth,0
sidmeierscivilizationiiicomplete,0
sidmeierscivilizationiv,92
sidmeierscivilizationivbeyondthesword,0
sidmeierscivilizationivcolonization,87
sidmeierscivilizationivwarlords,86
sidmeierscivilizationv,96
sidmeierspirates,0
sidmeiersrailroads,70
sidmeiersstarships,0
sideway,0
sigilsofelohim,91
signalops,0
silenthillhomecoming,0
silenthunter5battleoftheatlantic,0
silenthunteriii,87
silenthunterwolvesofthepacific,0
silenthunterwolvesofthepacificuboatmissions,79
silentstormsentinels,0
silverfall,73
simcity4deluxe,80
simplerockets,83
simplychess,74
sinemora,84
singularity,0
sinistercity,0
sinsofadarkage,0
sinsofasolarempirerebellion,93
sinsofasolarempiretrinity,78
siryouarebeinghunted,79
skarathebladeremains,0
skiregionsimulator,77
skullgirls,92
skullgirlsendlessbeta,0
skullsoftheshogun,92
skynations,0
skydrift,88
skyborn,88
skyscrapersimulator,0
skywardcollapse,0
slamboltscrappers,0
slamitpinballbigscore,0
sleepingdogs,93
sleepingdogsdefinitiveedition,93
slenderthearrival,88
slip,80
smallworld2,72
smashball,0
smashmuckchampions,0
smoothoperators,72
snapshot,79
sniperelite,0
sniperelite3,82
sniperelitenazizombiearmy,88
sniperelitenazizombiearmy2,84
sniperelitev2,0
sniperelitezombiearmy,83
sniperelitezombiearmy2,81
sniperghostwarrior,0
sniperghostwarrior2,0
snuggletruck,90
soccermanager2015,0
soccermanager2016,0
softwareinc,94
sokobond,94
solsurvivor,0
solforge,0
solar2,91
solarflux,78
soldierfront2,0
solsticearena,0
sometimessuccessrequiressacrifice,71
songofthemyrnewhatliesbeneath,85
sonicallstarsracingtransformed,0
sonicadventure2,89
sonicadventuredx,0
soniccd,0
sonicgenerations,0
sonicandsegaallstarsracing,0
sorcererking,0
soulgambler,87
sourcefilmmaker,0
southparkthestickoftruth,97
spaceace,81
spacechannel5part2,0
spacecolony,77
spaceempiresivdeluxe,70
spaceempiresv,0
spaceengineers,89
spacefarmers,78
spacehack,0
spacehulk,0
spacehulkascension,73
spacepiratesandzombies,92
spacequestcollection,84
spacerangershdawarapart,94
spacerun,86
spacesiege,0
spacetradermerchantmarine,0
spacewarp,0
spacechem,95
spaceforcerogueuniverse,0
spacebasedf9,0
sparkle2evo,72
spartansvszombiesdefense,0
specopstheline,0
specialforcesteamx,0
spectraball,78
speedkills,0
speedrunners,94
speedball2hd,70
speedball2tournament,0
spellforce2demonsofthepast,0
spellforce2faithindestiny,0
spellforce2goldedition,0
spellforceplatinumedition,92
spelunky,92
spermination,87
sphereiiienchantedworld,0
spintires,0
spiralknights,84
spirits,0
splatterbloodrededition,0
splice,87
splitsecond,80
spoileralert,77
spookycats,85
spookyshouseofjumpscares,90
spore,92
sporecreepycutepartspack,89
sporegalacticadventures,88
spriterpro,72
squad,83
squirreltopia,0
squishythesuicidalpig,83
stacking,90
starconflict,73
starcrusadeccg,80
starruler,81
starruler2,81
startraders4xempires,0
startrek,0
startrekdac,0
startrekonline,78
starwarsbattlefrontii,87
starwarsjediknightiijedioutcast,91
starwarsjediknightmysteriesofthesith,0
starwarsdarkforces,89
starwarsempireatwargold,0
starwarsjediknightdarkforcesii,79
starwarsjediknightjediacademy,96
starwarsknightsoftheoldrepublic,90
starwarsrepubliccommando,95
starwarsstarfighter,0
starwarstheclonewarsrepublicheroes,0
starwarstheforceunleashedii,0
starwarstheforceunleashedultimatesithedition,0
starwolves,0
starwolves3civilwar,88
stardrive,0
stardrive2,0
starforge,0
starmade,0
starbound,90
starboundunstable,0
stardustvanguards,85
stargateresistance,0
stariontactics,0
starlaxissupernovaedition,0
starpointgemini2,70
starscape,82
starseedpilgrim,78
startopia,90
stateofdecay,84
stateofdecayyearone,82
stealthbastarddeluxe,88
stealthinc2,72
steammarines,0
steamworlddig,94
steelocean,0
steelstormburningretribution,76
stellar2d,0
stellarimpact,0
steredenn,88
stickrpg2,87
stilllife,0
stonehearth,77
stonerid,0
stormrise,0
strandeddeep,75
strategicwarineurope,0
streetfighteriv,0
streetfightervbeta,0
streetfighterxtekken,0
streetracingsyndicate,86
strider,83
strife,75
strifeveteranedition,92
strikesuitinfinity,81
strikesuitzero,79
strikesuitzerodirectorscut,82
strikevector,0
strongbadepisode1homestarruiner,0
strongbadepisode2strongbadiathefree,75
strongbadepisode3baddestofthebands,0
strongbadepisode4dangeresque3,0
stronghold2,0
stronghold3,90
strongholdcrusader2,73
strongholdcrusaderextremehd,0
strongholdcrusaderhd,73
strongholdhd,0
strongholdkingdoms,0
strongholdlegends,0
stubbsthezombieinrebelwithoutapulse,90
styxmasterofshadows,83
sublevelzero,98
submerged,75
subnautica,96
subspacecontinuum,88
substancepainter,0
sugarcubebittersweetfactory,76
sunblast,0
sunlesssea,83
sunrideracademy,85
sunridermaskofarcadius,92
super3dnoahsark,92
superamazingwagonadventure,95
superchibiknight,86
supercratebox,88
supergamejam,0
superhexagon,97
superhipsterlumberjack,78
superhouseofdeadninjas,96
superkillerhornetresurrection,0
supermeatboy,0
supermondaynightcombat,0
supermotherload,77
superpandaadventures,94
superpuzzleplatformerdeluxe,91
supersanctumtd,86
supersplatters,87
supertimeforceultra,90
superpower2steamedition,79
superbrothersswordsworceryep,79
superfroghd,0
supremecommander,88
supremecommander2,88
supremecommanderforgedalliance,96
supremeruler2020gold,80
supremerulercoldwar,0
surgeonsimulator,83
survarium,0
survivalpostapocalypsenow,0
survivalist,78
survivorsquad,0
swarmarena,0
sweetlilydreams,85
swipecart,80
swordcoastlegends,0
swordofthestarscompletecollection,0
swordofthestarsiienhancededition,0
swordofthestarsthepit,84
swordsandsoldiershd,0
syberia,0
syberia2,0
syderarcade,85
symphony,86
synergy,90
systemprotocolone,0
systemshock2,94
tec3001,91
tdp4teambattle,0
tdp5arena3d,0
tera,0
thekingoffighters98ultimatematchfinaledition,90
thekingoffighters2002unlimitedmatch,94
thekingoffightersxiiisteamedition,90
tis100,97
tomeimmortalarena,0
toxikk,77
transformersriseofthedarkspark,89
trauma,72
trioffriendshipandmadness,85
tug,0
tabletopsimulator,96
tacticalintervention,0
takecommandsecondmanassas,0
takeonhelicopters,0
takeonmars,0
takedownredsabre,0
talesrunner,0
talesfromspacemutantblobsattack,0
talesfromtheborderlands,94
talesofmajeyal,95
talesofmonkeyislandchapter1launchofthescreamingnarwhal,89
talesofmonkeyislandchapter2thesiegeofspinnercay,90
talesofmonkeyislandchapter3lairoftheleviathan,94
talesofmonkeyislandchapter4thetrialandexecutionofguybrushthreepwood,78
talesofmonkeyislandchapter5riseofthepirategod,0
talesofzestiria,81
talismandigitaledition,78
talismanprologue,0
talismaniadeluxe,0
tankuniversal,0
tapheroes,0
taptapinfinity,74
taxi,0
teapartysimulator2015,74
teamfortress2,0
teamfortressclassic,96
teddyfloppyearkayaking,0
teddyfloppyearmountainadventure,86
teddyfloppyeartherace,0
teenagemutantninjaturtlesoutoftheshadows,0
teeworlds,88
teleglitchdiemoreedition,88
tempertantrum,0
terminatorsalvation,0
terraincognitachapteronethedescendant,0
terratech,92
terraintest,0
terraria,97
terrorhedron,85
teslaeffect,90
teslagrad,84
testdriveferrariracinglegends,0
testdriveunlimited2,0
tetrobotandco,97
the39steps,81
the7thguest,0
theadventuresofmrbobley,74
theadventuresoftree,83
theageofdecadence,81
thealbinohunter,0
theamazingspiderman,0
theamazingspiderman2,0
thebaconing,77
theball,0
thebannersaga,88
thebannersagafactions,100
thebardstale,79
thebasementcollection,88
thebeastoflycanislecollectorsedition,0
thebeginnersguide,88
thebindingofisaac,95
thebindingofisaacrebirth,97
theblackwatchmen,89
thebookofunwrittentales,90
thebookofunwrittentales2,90
thebookofunwrittentalesthecritterchronicles,84
thebridge,88
thebugbutcher,87
thebureauxcomdeclassified,0
thecampaignseriesfallweiss,0
thecatlady,93
thecatandthecoup,93
thecave,87
thechaosengine,73
thechroniclesofriddickassaultondarkathena,0
theclanssagaofthetwins,0
theclockworkman,0
theclockworkmanthehiddenworld,0
theclub,0
thecollider,0
thecrew,90
thecullingofthecows,76
thecuriousexpedition,88
thecursedcrusade,0
thedarkeyechainsofsatinav,86
thedarknessii,75
thedeadlinger,0
thedeer,71
thedefendersthesecondwave,80
thedetail,72
thedig,92
thedreammachine,90
thedreamatoriumofdrmagnus2,0
theegyptianprophecythefateoframses,0
theelderscrollsiiimorrowind,95
theelderscrollsivoblivion,95
theelderscrollsonlinetamrielunlimited,0
theelderscrollsvskyrim,74
theententegold,0
theescapists,90
theescapiststhewalkingdead,0
theevilwithin,84
theexpendabros,97
thefall,87
thefew,0
thefifthday,0
thefishfillets2,0
theflameintheflood,75
thefloorisjelly,83
theforest,95
theforgottenones,0
thefourkingscasinoandslots,0
thegate,0
thegolfclub,0
thegoodlife,78
thegraveyard,0
theguildgoldedition,0
theguildii,0
theguildiipiratesoftheeuropeanseas,93
theguildiirenaissance,75
thehatmanshadowward,0
thehauntedhellsreach,80
thehowler,77
theimpossiblegame,85
theincredibleadventuresofvanhelsing,83
theincredibleadventuresofvanhelsingfinalcut,76
theincredibleadventuresofvanhelsingii,70
theincredibleadventuresofvanhelsingiii,0
theinnerworld,89
thejackboxpartypack,93
thejackboxpartypack2,93
thejourneydownchapterone,87
thekingscrusade,0
thelegomovievideogame,85
thelady,0
thelastfederation,72
thelastremnant,0
thelegendofheroestrailsinthesky,93
thelegendofkorra,74
thelongdark,91
thelongestjourney,89
thelordoftheringsonline,81
thelordoftheringswarinthenorth,81
thelostcrown,87
themagiccircle,91
themarvellousmisstake,81
themasterplan,0
themaw,0
themeangreensplasticwarfare,81
themightyquestforepicloot,0
themisadventuresofpbwinterbottom,0
themoonsliver,76
themovies,0
themusketeersvictoriasquest,0
thenextbigthing,0
thenightoftherabbit,89
thenightmarecooperative,0
thenovelist,78
theoldtree,89
theotherside,0
thepath,79
thepathprologue,79
theplan,92
thepoliticalmachine,0
thepoliticalmachine2016,75
thepolynomial,80
theravenlegacyofamasterthief,74
therepopulation,0
theroom,97
thesamaritanparadox,71
thesecretworld,0
thesecretofmonkeyislandspecialedition,95
thesecretoftremendouscorporation,81
thesettlers7pathstoakingdom,0
thesettlers7pathstoakingdomgoldedition,0
thesettlersonline,0
theship,0
theshipsingleplayer,91
theshiptutorial,83
theshowdowneffect,0
thesilentage,93
thesimstm3,87
thesimstmmedieval,0
theslaughteringgrounds,0
thestalinsubway,0
thestanleyparable,92
thestompingland,0
thesunatnight,0
theswapper,93
theswindle,0
thetalosprinciple,95
thetestamentofsherlockholmes,78
thetinybangstory,88
thetreasuresofmontezuma4,81
thetypingofthedeadoverkill,87
theultimatedoom,0
theundergarden,0
theundyingplague,0
theuniversim,80
thevanishingofethancarter,87
thevanishingofethancarterredux,86
thevoid,0
thewalkingdead,97
thewalkingdeadseasontwo,96
thewalkingdeadsurvivalinstinct,0
thewayoflifefreeedition,74
thewhisperedworld,0
thewhisperedworldspecialedition,76
thewitcher2assassinsofkingsenhancededition,90
thewitcher3wildhunt,96
thewitcheradventuregame,78
thewitcherenhancededition,0
thewizardspen,0
thewolfamongus,97
thewonderfulendoftheworld,78
theyawhg,83
theatreofwar,0
theatreofwar2africa1943,0
theatreofwar2kursk1943,71
themeparkstudio,0
theybleedpixels,84
thief,75
thief2,75
thiefdeadlyshadows,81
thiefgold,92
thieftown,77
thinkingwithtimemachine,81
thirdeyecrime,0
thirtyflightsofloving,0
thiswarofmine,94
thomaswasalone,92
thunderwolves,88
tiamatx,0
tickettoride,0
tidalis,0
timberman,93
timeclickers,87
timegentlemenplease,90
timemysteries2theancientspectres,0
timemysteries3thefinalenigma,80
timemysteriesinheritanceremastered,0
timeshift,80
tinboy,0
tinybrains,78
tinybridgeratventure,0
tinytroopers,0
tinyandbiggrandpasleftovers,92
titanattacks,92
titanquest,0
titanquestimmortalthrone,87
titansouls,82
tklonline,0
toendallwars,0
tothemoon,0
tocaracedriver3,0
toasttime,85
tobesverticaladventure,70
tokitori,88
tokitori2,88
tomclancysendwar,0
tomclancysghostrecon,93
tomclancysghostreconadvancedwarfighter,0
tomclancysghostreconadvancedwarfighter2,0
tomclancysghostreconfuturesoldier,0
tomclancysghostreconphantomseu,0
tomclancysghostreconphantomsna,0
tomclancyshawx,0
tomclancyshawx2,0
tomclancysrainbowsix3goldedition,91
tomclancysrainbowsixsiege,85
tomclancysrainbowsixvegas,80
tomclancysrainbowsixvegas2,84
tomclancyssplintercell,87
tomclancyssplintercellblacklist,80
tomclancyssplintercellchaostheory,93
tomclancyssplintercellconviction,0
tomclancyssplintercelldoubleagent,0
tombraider,96
tombraidervitheangelofdarkness,0
tombraideranniversary,0
tombraiderchronicles,74
tombraideri,85
tombraiderii,87
tombraideriiiadventuresoflaracroft,84
tombraiderlegend,87
tombraiderthelastrevelation,85
tombraiderunderworld,0
tonyhawksproskaterhd,0
torchlight,93
torchlightii,93
toribash,88
totalannihilation,96
totalwarattila,81
totalwarbattleskingdom,0
totalwarbattlesshogun,0
totalwarromeiiemperoredition,86
totalwarshogun2,91
towerwars,72
towerofguns,86
towerfallascension,95
townofsalem,88
towns,0
towtrucksimulator2015,0
toysoldiers,89
toysoldierswarchest,0
toyboxturbos,86
trackmaniacanyon,80
trackmaniastadium,88
trackmaniaunited,0
trackmaniavalley,78
tradewindscaravans,0
trainfever,0
trainsimulator,0
trainzsimulator12,78
transoceantheshippingcompany,73
transformersfallofcybertron,0
transformerswarforcybertron,0
transformice,88
transistor,93
trappeddead,0
trapsngemstones,81
treasureplanetbattleatprocyon,0
treeoflife,0
treekerthelostglasses,0
trials2secondedition,84
trialsevolutiongoldedition,75
trialsfusion,0
tribesascend,80
trine,98
trine2,100
trine3theartifactsofpower,0
tripletown,92
tropico,0
tropico3steamspecialedition,90
tropico3absolutepower,0
tropico4,87
tropico5,78
troubleinthemanor,0
trove,80
truckstrailers,0
tryst,0
turbodismount,93
turokdinosaurhunter,0
twinsector,0
twoworldsepicedition,0
twoworldsii,0
twoworldsiicastledefense,0
typerider,83
tyranobuildervisualnovelstudio,85
ufoafterlight,70
ufoaftermath,78
ufoextraterrestrialsgold,0
uberstrike,0
ubersoldierii,76
ultimategeneralgettysburg,82
ultimatetictactoe,83
ultionusataleofpettyrevenge,0
ultrastreetfighteriv,0
ultratron,88
unchartedwatersonline,0
unchartedwatersonlinegranatlas,90
uncrowded,70
undeadoverlord,0
undertheocean,0
undertale,96
unepic,90
unholyheights,90
unityofcommand,78
unium,95
universalcombatce,75
universesandbox,96
universesandbox,96
universeatwarearthassault,0
unmechanical,91
unrealgold,86
unrealiitheawakening,90
unrealtournament2004,82
unrealtournament3blackedition,0
unrealtournamentgameoftheyearedition,0
unstoppablegorg,77
unturned,91
uplink,84
urbantrialfreestyle,84
urielschasm,0
urizenshadowsofthecold,0
vvvvvv,0
vagante,90
valdisstoryabyssalcity,83
valiantheartsthegreatwarsoldatsinconnusmmoiresdelagrandeguerre,95
valkyriachronicles,77
vampirethemasqueradebloodlines,0
vanguardprincess,70
velocibox,94
velocityultra,81
velvetassassin,0
velvetsundown,0
verdun,87
verticaldropheroeshd,76
vertiginousgolf,0
vessel,89
victimofxen,0
victorvran,85
victoriaii,0
victoryatsea,74
victorycommand,0
victorytheageofracing,0
vigilbloodbitterness,0
vikingbattleforasgard,0
vikingbrothers,74
villagersandheroes,0
vindictus,0
vintageyear,89
violett,0
viridi,91
virtuatennis4,0
virtualvillagersanewhome,88
visceracleanupdetail,93
visceracleanupdetailsantasrampage,91
visceracleanupdetailshadowwarrior,80
vladtheimpaler,0
voicesfromthesea,92
voiddestroyer,0
voidexpanse,0
volgarrtheviking,84
volt,0
volume,78
vox,0
voxelized,83
wakfu,75
warmode,0
warp,0
worldendeconomicaepisode01,86
wrc4fiaworldrallychampionship,75
wrc5,0
wrcpowerslide,0
wtfastgamersprivatenetworkgpn,0
wwe2k15,0
wakingmars,89
walkover,0
wallacegromitep1frightofthebumblebees,89
wallacegromitep2thelastresort,0
wallacegromitep3muzzled,0
wallacegromitep4thebogeyman,0
wanderlustrebirth,0
warincbattlezone,0
warthunder,73
warfortheoverworld,86
warinaboxpapertanks,71
warofbeach,0
warofthehumantanks,91
waroftheroses,86
waroftherosesbalancebeta,0
warofthevikings,0
warthegame,0
warehouseandlogisticssimulator,0
warface,0
warframe,87
wargameairlandbattle,86
wargameeuropeanescalation,0
wargamereddragon,88
warhammer40000armageddon,80
warhammer40000dawnofwardarkcrusade,81
warhammer40000dawnofwarsoulstorm,95
warhammer40000dawnofwarwinterassault,89
warhammer40000dawnofwargameoftheyearedition,87
warhammer40000dawnofwarii,0
warhammer40000dawnofwariiretribution,0
warhammer40000dawnofwariichaosrising,0
warhammer40000killteam,0
warhammer40000regicide,0
warhammer40000spacemarine,0
warhammerendtimesvermintide,82
warhammeronlineageofreckoning,0
warhammerquest,0
warlockmasterofthearcane,86
warlock2theexiled,0
warmachinetactics,0
warriorkingsbattles,92
warside,0
wasteland1theoriginalclassic,80
wasteland2,82
wasteland2directorscut,82
wastelandangel,0
watchdogs,77
watchmentheendisnigh,71
watchmentheendisnighpart2,0
waveform,83
waves,95
wayofthesamurai4,79
weaponsgenius,0
weatherlordthesuccessorspath,0
weirdworldsreturntoinfinitespace,76
westeradodoublebarreled,92
westward,0
westward3,0
whitenoiseonline,70
whosthatflying,97
whysoevil,0
whysoevil2dystopia,0
wickland,0
wildwarfare,0
wildlifepark2,70
wildlifepark2dinoworld,0
wildlifepark2marineworld,0
wildlifepark3,0
windofluckarena,0
windborne,0
windosill,75
windward,80
wingsofprey,90
wingsremasterededition,78
winningpost82015,0
withoutwithin,88
wizardry7crusadersofthedarksavant,86
wizardry8,89
wizardryonline,0
wizorb,75
wolfenstein,0
wolfenstein3d,0
wolfenstein3dspearofdestiny,0
wolfensteintheneworder,90
wolfensteinthenewordergermanedition,84
wolfensteintheoldblood,89
wolfensteintheoldbloodgermanedition,89
woodletreeadventures,70
woodytwolegsattackofthezombiepirates,0
worldbasketballmanager2010,0
worldwariipanzerclaws,71
worldinconflict,0
worldinconflictsovietassault,0
worldofgoo,94
worldofgunsgundisassembly,84
worldofmixedmartialarts3,79
worldofsocceronline,0
worldofzoo,94
worldwidesoccermanager2009,0
worms,0
wormsarmageddon,94
wormsclanwars,78
wormscrazygolf,83
wormsreloaded,86
wormsrevolution,86
wormsultimatemayhem,94
wrathofathena,95
writteninthesky,77
xbeyondthefrontier,0
xrebirth,0
xblades,0
xcomapocalypse,89
xcomenforcer,0
xcominterceptor,0
xcomterrorfromthedeep,92
xcomufodefense,96
xplane10global64bit,0
xtension,0
xnote,89
x2thethreat,0
x3albionprelude,92
x3reunion,0
x3terranconflict,74
xcomenemyunknown,94
xam,0
xenonauts,87
xeodrifter,75
xpandrallyxtreme,0
youdontknowjack,90
youdontknowjackvol1xl,83
youdontknowjackvol2,90
yearwalk,92
yesterday,83
yetanotherzombiedefense,86
yosumin,80
youhavetowinthegame,92
youmustbuildaboat,81
youneedabudget4ynab,0
yourdoodlesarebugged,0
ysi,88
ysorigin,93
ystheoathinfelghana,0
ysvithearkofnapishtim,90
yury,0
z,0
zombi,0
zackzero,0
zafehousediaries,0
zenbound2,0
zenoclash,88
zenoclash2,83
zerogear,80
ziggurat,87
zombiearmytrilogy,86
zombiedriver,0
zombiedriverhd,84
zombiegrinder,0
zombiepanicsource,84
zombieshooter2,81
zombietycoon2brainhovsrevenge,74
zombiezoeds,0
zombiesmonstersrobots,0
zoombinis,94
zotrix,0
zumadeluxe,80
zumasrevenge,0
zumasrevengeadventure,0
aeroflyrc7,88
bitdungeonii,83
eden,97
faultmilestoneone,93
faultmilestonetwosideabove,97
hocus,91
howdoyoudoit,84
ibomberattack,82
ibomberdefense,75
ibomberdefensepacific,85
io,81
ibbobb,90
inmomentum,89
litecamgame100fpsgamecapture,0
oo,89
planetarianthereverieofalittleplanet,83
rfactor,91
rfactor2,91
realmyst,0
realmystmasterpieceedition,88
residentevil4biohazard4,95
rymdkapsel,81
szoneonline,0
thestaticspeaksmyname,81
thehunter,0
thehunterprimal,0
